Design_ID,SKU,Title,Front_Image_File,Back_Image_File,Front_Image_URL,Back_Image_URL
550,550-M,BAPE x Inter Miami CF Camo Tee Jersey Black Size M Pre-Owned,550_BAPE_Inter_Miami_Camo_Black_front.jpg,550_BAPE_Inter_Miami_Camo_Black_back.jpg,https://raw.githubusercontent.com/mattyshreds06/drip-district-images/main/550_BAPE_Inter_Miami_Camo_Black_front.jpg,https://raw.githubusercontent.com/mattyshreds06/drip-district-images/main/550_BAPE_Inter_Miami_Camo_Black_back.jpg
550,550-L,BAPE x Inter Miami CF Camo Tee Jersey Black Size L Pre-Owned,550_BAPE_Inter_Miami_Camo_Black_front.jpg,550_BAPE_Inter_Miami_Camo_Black_back.jpg,https://raw.githubusercontent.com/mattyshreds06/drip-district-images/main/550_BAPE_Inter_Miami_Camo_Black_front.jpg,https://raw.githubusercontent.com/mattyshreds06/drip-district-images/main/550_BAPE_Inter_Miami_Camo_Black_back.jpg
551,551-S,Nike x Patta x Netherlands KNVB Pre Match Jersey Size S Pre-Owned,551_Nike_Patta_Netherlands_KNVB_front.jpg,551_Nike_Patta_Netherlands_KNVB_back.jpg,https://raw.githubusercontent.com/mattyshreds06/drip-district-images/main/551_Nike_Patta_Netherlands_KNVB_front.jpg,https://raw.githubusercontent.com/mattyshreds06/drip-district-images/main/551_Nike_Patta_Netherlands_KNVB_back.jpg
551,551-M,Nike x Patta x Netherlands KNVB Pre Match Jersey Size M Pre-Owned,551_Nike_Patta_Netherlands_KNVB_front.jpg,551_Nike_Patta_Netherlands_KNVB_back.jpg,https://raw.githubusercontent.com/mattyshreds06/drip-district-images/main/551_Nike_Patta_Netherlands_KNVB_front.jpg,https://raw.githubusercontent.com/mattyshreds06/drip-district-images/main/551_Nike_Patta_Netherlands_KNVB_back.jpg
552,552-M,Adidas x Oasis Tour Jacquard Jersey Black Size M Pre-Owned,552_adidas_Oasis_Tour_Jacquard_Black_front.jpg,552_adidas_Oasis_Tour_Jacquard_Black_back.jpg,https://raw.githubusercontent.com/mattyshreds06/drip-district-images/main/552_adidas_Oasis_Tour_Jacquard_Black_front.jpg,https://raw.githubusercontent.com/mattyshreds06/drip-district-images/main/552_adidas_Oasis_Tour_Jacquard_Black_back.jpg
552,552-L,Adidas x Oasis Tour Jacquard Jersey Black Size L Pre-Owned,552_adidas_Oasis_Tour_Jacquard_Black_front.jpg,552_adidas_Oasis_Tour_Jacquard_Black_back.jpg,https://raw.githubusercontent.com/mattyshreds06/drip-district-images/main/552_adidas_Oasis_Tour_Jacquard_Black_front.jpg,https://raw.githubusercontent.com/mattyshreds06/drip-district-images/main/552_adidas_Oasis_Tour_Jacquard_Black_back.jpg
552,552-XL,Adidas x Oasis Tour Jacquard Jersey Black Size XL Pre-Owned,552_adidas_Oasis_Tour_Jacquard_Black_front.jpg,552_adidas_Oasis_Tour_Jacquard_Black_back.jpg,https://raw.githubusercontent.com/mattyshreds06/drip-district-images/main/552_adidas_Oasis_Tour_Jacquard_Black_front.jpg,https://raw.githubusercontent.com/mattyshreds06/drip-district-images/main/552_adidas_Oasis_Tour_Jacquard_Black_back.jpg
553,553-M,adidas Y-3 Real Madrid 23/24 Special Edition Jersey Dark Purple Size M Pre-Owned,553_adidas_Y3_Real_Madrid_Dark_Purple_front.jpg,553_adidas_Y3_Real_Madrid_Dark_Purple_back.jpg,https://raw.githubusercontent.com/mattyshreds06/drip-district-images/main/553_adidas_Y3_Real_Madrid_Dark_Purple_front.jpg,https://raw.githubusercontent.com/mattyshreds06/drip-district-images/main/553_adidas_Y3_Real_Madrid_Dark_Purple_back.jpg
553,553-L,adidas Y-3 Real Madrid 23/24 Special Edition Jersey Dark Purple Size L Pre-Owned,553_adidas_Y3_Real_Madrid_Dark_Purple_front.jpg,553_adidas_Y3_Real_Madrid_Dark_Purple_back.jpg,https://raw.githubusercontent.com/mattyshreds06/drip-district-images/main/553_adidas_Y3_Real_Madrid_Dark_Purple_front.jpg,https://raw.githubusercontent.com/mattyshreds06/drip-district-images/main/553_adidas_Y3_Real_Madrid_Dark_Purple_back.jpg
554,554-M,adidas Y-3 Real Madrid 23/24 Special Edition Jersey Black Size M Pre-Owned,554_adidas_Y3_Real_Madrid_Black_front.jpg,554_adidas_Y3_Real_Madrid_Black_back.jpg,https://raw.githubusercontent.com/mattyshreds06/drip-district-images/main/554_adidas_Y3_Real_Madrid_Black_front.jpg,https://raw.githubusercontent.com/mattyshreds06/drip-district-images/main/554_adidas_Y3_Real_Madrid_Black_back.jpg
554,554-L,adidas Y-3 Real Madrid 23/24 Special Edition Jersey Black Size L Pre-Owned,554_adidas_Y3_Real_Madrid_Black_front.jpg,554_adidas_Y3_Real_Madrid_Black_back.jpg,https://raw.githubusercontent.com/mattyshreds06/drip-district-images/main/554_adidas_Y3_Real_Madrid_Black_front.jpg,https://raw.githubusercontent.com/mattyshreds06/drip-district-images/main/554_adidas_Y3_Real_Madrid_Black_back.jpg
557,557-S,Korea x Nike x Peaceminusone Jersey Top Size S Pre-Owned,557_Nike_Peaceminusone_Korea_Black_front.jpg,557_Nike_Peaceminusone_Korea_Black_back.jpg,https://raw.githubusercontent.com/mattyshreds06/drip-district-images/main/557_Nike_Peaceminusone_Korea_Black_front.jpg,https://raw.githubusercontent.com/mattyshreds06/drip-district-images/main/557_Nike_Peaceminusone_Korea_Black_back.jpg
557,557-M,Korea x Nike x Peaceminusone Jersey Top Size M Pre-Owned,557_Nike_Peaceminusone_Korea_Black_front.jpg,557_Nike_Peaceminusone_Korea_Black_back.jpg,https://raw.githubusercontent.com/mattyshreds06/drip-district-images/main/557_Nike_Peaceminusone_Korea_Black_front.jpg,https://raw.githubusercontent.com/mattyshreds06/drip-district-images/main/557_Nike_Peaceminusone_Korea_Black_back.jpg
558,558-S,Umbro England 1997/98 Away Jersey Throwback Size S Pre-Owned,558_Umbro_England_1997-98_Away_front.jpg,558_Umbro_England_1997-98_Away_back.jpg,https://raw.githubusercontent.com/mattyshreds06/drip-district-images/main/558_Umbro_England_1997-98_Away_front.jpg,https://raw.githubusercontent.com/mattyshreds06/drip-district-images/main/558_Umbro_England_1997-98_Away_back.jpg
558,558-M,Umbro England 1997/98 Away Jersey Throwback Size M Pre-Owned,558_Umbro_England_1997-98_Away_front.jpg,558_Umbro_England_1997-98_Away_back.jpg,https://raw.githubusercontent.com/mattyshreds06/drip-district-images/main/558_Umbro_England_1997-98_Away_front.jpg,https://raw.githubusercontent.com/mattyshreds06/drip-district-images/main/558_Umbro_England_1997-98_Away_back.jpg
582,582-S,Trapstar x NFL Mitchell & Ness Jersey Grey Size S Pre-Owned,582_Trapstar_NFL_Mitchell_Ness_22_Grey_front.jpg,582_Trapstar_NFL_Mitchell_Ness_22_Grey_back.jpg,https://raw.githubusercontent.com/mattyshreds06/drip-district-images/main/582_Trapstar_NFL_Mitchell_Ness_22_Grey_front.jpg,https://raw.githubusercontent.com/mattyshreds06/drip-district-images/main/582_Trapstar_NFL_Mitchell_Ness_22_Grey_back.jpg
582,582-M,Trapstar x NFL Mitchell & Ness Jersey Grey Size M Pre-Owned,582_Trapstar_NFL_Mitchell_Ness_22_Grey_front.jpg,582_Trapstar_NFL_Mitchell_Ness_22_Grey_back.jpg,https://raw.githubusercontent.com/mattyshreds06/drip-district-images/main/582_Trapstar_NFL_Mitchell_Ness_22_Grey_front.jpg,https://raw.githubusercontent.com/mattyshreds06/drip-district-images/main/582_Trapstar_NFL_Mitchell_Ness_22_Grey_back.jpg
582,582-L,Trapstar x NFL Mitchell & Ness Jersey Grey Size L Pre-Owned,582_Trapstar_NFL_Mitchell_Ness_22_Grey_front.jpg,582_Trapstar_NFL_Mitchell_Ness_22_Grey_back.jpg,https://raw.githubusercontent.com/mattyshreds06/drip-district-images/main/582_Trapstar_NFL_Mitchell_Ness_22_Grey_front.jpg,https://raw.githubusercontent.com/mattyshreds06/drip-district-images/main/582_Trapstar_NFL_Mitchell_Ness_22_Grey_back.jpg
582,582-XL,Trapstar x NFL Mitchell & Ness Jersey Grey Size XL Pre-Owned,582_Trapstar_NFL_Mitchell_Ness_22_Grey_front.jpg,582_Trapstar_NFL_Mitchell_Ness_22_Grey_back.jpg,https://raw.githubusercontent.com/mattyshreds06/drip-district-images/main/582_Trapstar_NFL_Mitchell_Ness_22_Grey_front.jpg,https://raw.githubusercontent.com/mattyshreds06/drip-district-images/main/582_Trapstar_NFL_Mitchell_Ness_22_Grey_back.jpg
607,607-S,BAPE x Adidas Camo Jersey Green Size S Pre-Owned,607_BAPE_adidas_Camo_Green_front.jpg,607_BAPE_adidas_Camo_Green_back.jpg,https://raw.githubusercontent.com/mattyshreds06/drip-district-images/main/607_BAPE_adidas_Camo_Green_front.jpg,https://raw.githubusercontent.com/mattyshreds06/drip-district-images/main/607_BAPE_adidas_Camo_Green_back.jpg
607,607-M,BAPE x Adidas Camo Jersey Green Size M Pre-Owned,607_BAPE_adidas_Camo_Green_front.jpg,607_BAPE_adidas_Camo_Green_back.jpg,https://raw.githubusercontent.com/mattyshreds06/drip-district-images/main/607_BAPE_adidas_Camo_Green_front.jpg,https://raw.githubusercontent.com/mattyshreds06/drip-district-images/main/607_BAPE_adidas_Camo_Green_back.jpg
607,607-L,BAPE x Adidas Camo Jersey Green Size L Pre-Owned,607_BAPE_adidas_Camo_Green_front.jpg,607_BAPE_adidas_Camo_Green_back.jpg,https://raw.githubusercontent.com/mattyshreds06/drip-district-images/main/607_BAPE_adidas_Camo_Green_front.jpg,https://raw.githubusercontent.com/mattyshreds06/drip-district-images/main/607_BAPE_adidas_Camo_Green_back.jpg
608,608-M,Travis Scott Nike Barcelona 2024/25 Cactus Jack Match Away Jersey Size M,608_Travis_Scott_Barcelona_2024-25_Away_front.jpg,608_Travis_Scott_Barcelona_2024-25_Away_back.jpg,https://raw.githubusercontent.com/mattyshreds06/drip-district-images/main/608_Travis_Scott_Barcelona_2024-25_Away_front.jpg,https://raw.githubusercontent.com/mattyshreds06/drip-district-images/main/608_Travis_Scott_Barcelona_2024-25_Away_back.jpg
608,608-L,Travis Scott Nike Barcelona 2024/25 Cactus Jack Match Away Jersey Size L,608_Travis_Scott_Barcelona_2024-25_Away_front.jpg,608_Travis_Scott_Barcelona_2024-25_Away_back.jpg,https://raw.githubusercontent.com/mattyshreds06/drip-district-images/main/608_Travis_Scott_Barcelona_2024-25_Away_front.jpg,https://raw.githubusercontent.com/mattyshreds06/drip-district-images/main/608_Travis_Scott_Barcelona_2024-25_Away_back.jpg
